-- MySQL Script generated by MySQL Workbench
-- Fri Jun 28 21:09:27 2024
-- Model: New Model    Version: 1.0
-- MySQL Workbench Forward Engineering

SET @OLD_UNIQUE_CHECKS=@@UNIQUE_CHECKS, UNIQUE_CHECKS=0;
SET @OLD_FOREIGN_KEY_CHECKS=@@FOREIGN_KEY_CHECKS, FOREIGN_KEY_CHECKS=0;
SET @OLD_SQL_MODE=@@SQL_MODE, SQL_MODE='ONLY_FULL_GROUP_BY,STRICT_TRANS_TABLES,NO_ZERO_IN_DATE,NO_ZERO_DATE,ERROR_FOR_DIVISION_BY_ZERO,NO_ENGINE_SUBSTITUTION';

-- -----------------------------------------------------
-- Schema mydb
-- -----------------------------------------------------

-- -----------------------------------------------------
-- Schema mydb
-- -----------------------------------------------------
CREATE SCHEMA IF NOT EXISTS `mydb` DEFAULT CHARACTER SET utf8 ;
USE `mydb` ;

-- -----------------------------------------------------
-- Table `mydb`.`customers`
-- -----------------------------------------------------
CREATE TABLE IF NOT EXISTS `mydb`.`customers` (
  `id` SMALLINT(10) NOT NULL AUTO_INCREMENT,
  `first_name` VARCHAR(64) NULL,
  `last_name` VARCHAR(64) NULL,
  PRIMARY KEY (`id`))
ENGINE = InnoDB;


-- -----------------------------------------------------
-- Table `mydb`.`campaigns`
-- -----------------------------------------------------
CREATE TABLE IF NOT EXISTS `mydb`.`campaigns` (
  `id` SMALLINT(10) NOT NULL AUTO_INCREMENT,
  `customers_id` SMALLINT(10) NOT NULL,
  `name` VARCHAR(64) NULL,
  PRIMARY KEY (`id`),
  INDEX `id_customers_idx` (`customers_id` ASC) VISIBLE,
  CONSTRAINT `id_customers`
    FOREIGN KEY (`customers_id`)
    REFERENCES `mydb`.`customers` (`id`)
    ON DELETE NO ACTION
    ON UPDATE NO ACTION)
ENGINE = InnoDB;


-- -----------------------------------------------------
-- Table `mydb`.`events`
-- -----------------------------------------------------
CREATE TABLE IF NOT EXISTS `mydb`.`events` (
  `dt` VARCHAR(19) NOT NULL,
  `campaign_id` SMALLINT(10) NOT NULL,
  `status` VARCHAR(64) NOT NULL,
  INDEX `campaign_id_idx` (`campaign_id` ASC) VISIBLE,
  CONSTRAINT `campaign_id`
    FOREIGN KEY (`campaign_id`)
    REFERENCES `mydb`.`campaigns` (`id`)
    ON DELETE NO ACTION
    ON UPDATE NO ACTION)
ENGINE = InnoDB;


SET SQL_MODE=@OLD_SQL_MODE;
SET FOREIGN_KEY_CHECKS=@OLD_FOREIGN_KEY_CHECKS;
SET UNIQUE_CHECKS=@OLD_UNIQUE_CHECKS;

-- -----------------------------------------------------
-- Data for table `mydb`.`customers`
-- -----------------------------------------------------
START TRANSACTION;
USE `mydb`;
INSERT INTO `mydb`.`customers` (`id`, `first_name`, `last_name`) VALUES (1, 'Whitney', 'Ferrero');
INSERT INTO `mydb`.`customers` (`id`, `first_name`, `last_name`) VALUES (2, 'Dickie', 'Romera');

COMMIT;


-- -----------------------------------------------------
-- Data for table `mydb`.`campaigns`
-- -----------------------------------------------------
START TRANSACTION;
USE `mydb`;
INSERT INTO `mydb`.`campaigns` (`id`, `customers_id`, `name`) VALUES (1, 1, 'Upton Group');
INSERT INTO `mydb`.`campaigns` (`id`, `customers_id`, `name`) VALUES (2, 1, 'Roob, Hudson and Rippin');
INSERT INTO `mydb`.`campaigns` (`id`, `customers_id`, `name`) VALUES (3, 1, 'McCullough, Rempel and Larson');
INSERT INTO `mydb`.`campaigns` (`id`, `customers_id`, `name`) VALUES (4, 1, 'Lang and Sons');
INSERT INTO `mydb`.`campaigns` (`id`, `customers_id`, `name`) VALUES (5, 2, 'Ruecker, Hand and Haley');

COMMIT;


-- -----------------------------------------------------
-- Data for table `mydb`.`events`
-- -----------------------------------------------------
START TRANSACTION;
USE `mydb`;
INSERT INTO `mydb`.`events` (`dt`, `campaign_id`, `status`) VALUES ('2021-12-02 13:52:00', 1, 'failure');
INSERT INTO `mydb`.`events` (`dt`, `campaign_id`, `status`) VALUES ('2021-12-02 08:17:48', 2, 'failure');
INSERT INTO `mydb`.`events` (`dt`, `campaign_id`, `status`) VALUES ('2021-12-02 08:18:17', 2, 'failure');
INSERT INTO `mydb`.`events` (`dt`, `campaign_id`, `status`) VALUES ('2021-12-01 11:55:32', 3, 'failure');
INSERT INTO `mydb`.`events` (`dt`, `campaign_id`, `status`) VALUES ('2021-12-01 06:53:16', 4, 'failure');
INSERT INTO `mydb`.`events` (`dt`, `campaign_id`, `status`) VALUES ('2021-12-02 04:51:09', 4, 'failure');
INSERT INTO `mydb`.`events` (`dt`, `campaign_id`, `status`) VALUES ('2021-12-01 06:34:04', 5, 'failure');
INSERT INTO `mydb`.`events` (`dt`, `campaign_id`, `status`) VALUES ('2021-12-02 03:21:18', 5, 'failure');
INSERT INTO `mydb`.`events` (`dt`, `campaign_id`, `status`) VALUES ('2021-12-01 03:18:24', 5, 'failure');
INSERT INTO `mydb`.`events` (`dt`, `campaign_id`, `status`) VALUES ('2021-12-02 15:32:37', 1, 'success');
INSERT INTO `mydb`.`events` (`dt`, `campaign_id`, `status`) VALUES ('2021-12-01 04:23:20', 1, 'success');
INSERT INTO `mydb`.`events` (`dt`, `campaign_id`, `status`) VALUES ('2021-12-02 06:53:24', 1, 'success');
INSERT INTO `mydb`.`events` (`dt`, `campaign_id`, `status`) VALUES ('2021-12-02 08:01:02', 2, 'success');
INSERT INTO `mydb`.`events` (`dt`, `campaign_id`, `status`) VALUES ('2021-12-01 15:57:19', 2, 'success');
INSERT INTO `mydb`.`events` (`dt`, `campaign_id`, `status`) VALUES ('2021-12-02 16:14:34', 3, 'success');
INSERT INTO `mydb`.`events` (`dt`, `campaign_id`, `status`) VALUES ('2021-12-02 21:56:38', 3, 'success');
INSERT INTO `mydb`.`events` (`dt`, `campaign_id`, `status`) VALUES ('2021-12-01 05:54:43', 4, 'success');
INSERT INTO `mydb`.`events` (`dt`, `campaign_id`, `status`) VALUES ('2021-12-02 17:56:45', 4, 'success');
INSERT INTO `mydb`.`events` (`dt`, `campaign_id`, `status`) VALUES ('2021-12-02 11:56:50', 4, 'success');
INSERT INTO `mydb`.`events` (`dt`, `campaign_id`, `status`) VALUES ('2021-12-02 06:08:20', 5, 'success');

COMMIT;

